{
    "random": 0.011000000000000001,
    "inside": 28.794999999999998,
    "outside": 0.008
}