{
    "random": 0.28300000000000003,
    "inside": 55.915000000000006,
    "outside": 0.314
}