{
    "random": 7.797,
    "inside": 29.610999999999997,
    "outside": 7.691000000000001
}