{
    "random": 0.08099999999999999,
    "inside": 37.336000000000006,
    "outside": 0.092
}