{
    "random": 2.102,
    "inside": 13.675999999999998,
    "outside": 2.0060000000000002
}