{
    "random": 0.029,
    "inside": 0.034999999999999996,
    "outside": 0.034999999999999996
}