{
    "random": 0.46699999999999997,
    "inside": 13.479,
    "outside": 0.47200000000000003
}