{
    "random": 0.006999999999999999,
    "inside": 0.006999999999999999,
    "outside": 0.005
}