{
    "random": 1.92,
    "inside": 54.38499999999999,
    "outside": 1.8900000000000001
}