{
    "random": 6.444999999999999,
    "inside": 89.132,
    "outside": 6.4430000000000005
}