{
    "random": 0.40099999999999997,
    "inside": 99.632,
    "outside": 0.39899999999999997
}