{
    "random": 3.6519999999999997,
    "inside": 88.94999999999999,
    "outside": 3.7900000000000005
}