{
    "random": 8.3,
    "inside": 91.74900000000001,
    "outside": 8.312999999999999
}