{
    "random": 14.086000000000002,
    "inside": 0.024,
    "outside": 14.086000000000002
}