{
    "random": 0.928,
    "inside": 29.410999999999998,
    "outside": 0.9339999999999999
}