{
    "random": 67.786,
    "inside": 0.06999999999999999,
    "outside": 67.46799999999999
}