{
    "random": 3.1919999999999997,
    "inside": 74.535,
    "outside": 3.1260000000000003
}