{
    "random": 0.40499999999999997,
    "inside": 99.56700000000001,
    "outside": 0.41000000000000003
}