{
    "random": 14.088999999999999,
    "inside": 0.002,
    "outside": 14.094000000000001
}