{
    "random": 10.530000000000001,
    "inside": 64.02600000000001,
    "outside": 10.468
}