{
    "random": 29.259,
    "inside": 13.594999999999999,
    "outside": 29.275000000000002
}