{
    "random": 0.006,
    "inside": 31.796000000000003,
    "outside": 0.009000000000000001
}