{
    "random": 0.38899999999999996,
    "inside": 99.63300000000001,
    "outside": 0.38
}