{
    "random": 87.062,
    "inside": 13.014999999999999,
    "outside": 87.09700000000001
}