{
    "random": 14.087,
    "inside": 0.006999999999999999,
    "outside": 14.088999999999999
}