{
    "random": 11.166,
    "inside": 73.15899999999999,
    "outside": 11.008999999999999
}