{
    "random": 0.565,
    "inside": 17.641000000000002,
    "outside": 0.5479999999999999
}