{
    "random": 67.67800000000001,
    "inside": 0.269,
    "outside": 67.34599999999999
}