{
    "random": 6.934,
    "inside": 74.47399999999999,
    "outside": 6.8919999999999995
}