{
    "random": 3.925,
    "inside": 91.78500000000001,
    "outside": 3.9379999999999997
}