{
    "random": 5.4670000000000005,
    "inside": 74.87899999999999,
    "outside": 5.385
}