{
    "random": 7.951,
    "inside": 20.144000000000002,
    "outside": 7.838000000000001
}