{
    "random": 8.606,
    "inside": 6.446000000000001,
    "outside": 8.536000000000001
}