{
    "random": 10.13,
    "inside": 1.3379999999999999,
    "outside": 10.222000000000001
}