{
    "random": 7.763000000000001,
    "inside": 35.943999999999996,
    "outside": 7.606
}