{
    "random": 14.638000000000002,
    "inside": 33.233000000000004,
    "outside": 14.823
}