{
    "random": 99.53699999999999,
    "inside": 0.018000000000000002,
    "outside": 99.527
}