{
    "random": 67.36999999999999,
    "inside": 32.812999999999995,
    "outside": 67.452
}