{
    "random": 0.359,
    "inside": 99.64699999999999,
    "outside": 0.43299999999999994
}