{
    "random": 36.153999999999996,
    "inside": 64.045,
    "outside": 36.248000000000005
}