{
    "random": 0.38,
    "inside": 99.80799999999999,
    "outside": 0.40800000000000003
}