{
    "random": 0.5930000000000001,
    "inside": 63.70400000000001,
    "outside": 0.5910000000000001
}