{
    "random": 0.019,
    "inside": 12.834999999999999,
    "outside": 0.018000000000000002
}