{
    "random": 0.40499999999999997,
    "inside": 31.732,
    "outside": 0.43499999999999994
}