{
    "random": 0.011000000000000001,
    "inside": 0.08800000000000001,
    "outside": 0.017
}