{
    "random": 0.17099999999999999,
    "inside": 50.236999999999995,
    "outside": 0.17500000000000002
}