{
    "random": 0.011000000000000001,
    "inside": 0.10300000000000001,
    "outside": 0.017
}