{
    "random": 12.544,
    "inside": 88.20700000000001,
    "outside": 12.531999999999998
}