{
    "random": 1.9369999999999998,
    "inside": 80.013,
    "outside": 1.8870000000000002
}