{
    "random": 1.9449999999999998,
    "inside": 61.05199999999999,
    "outside": 1.913
}