{
    "random": 3.8890000000000002,
    "inside": 80.013,
    "outside": 3.8150000000000004
}