{
    "random": 0.42500000000000004,
    "inside": 39.359,
    "outside": 0.42900000000000005
}