{
    "random": 0.5910000000000001,
    "inside": 50.236999999999995,
    "outside": 0.588
}