{
    "random": 0.027,
    "inside": 19.994999999999997,
    "outside": 0.027999999999999997
}