{
    "random": 9.984,
    "inside": 50.590999999999994,
    "outside": 9.793000000000001
}