{
    "random": 8.876000000000001,
    "inside": 21.343999999999998,
    "outside": 8.767999999999999
}