{
    "random": 0.997,
    "inside": 45.812999999999995,
    "outside": 1.0619999999999998
}