{
    "random": 1.909,
    "inside": 10.261000000000001,
    "outside": 1.7870000000000001
}