{
    "random": 9.286999999999999,
    "inside": 0.23900000000000002,
    "outside": 9.207
}