{
    "random": 3.036,
    "inside": 0.009000000000000001,
    "outside": 3.0220000000000002
}