{
    "random": 0.453,
    "inside": 91.76299999999999,
    "outside": 0.49500000000000005
}