{
    "random": 10.546999999999999,
    "inside": 1.8610000000000002,
    "outside": 10.475
}