{
    "random": 12.956000000000001,
    "inside": 4.861,
    "outside": 12.742999999999999
}