{
    "random": 3.0349999999999997,
    "inside": 0.003,
    "outside": 3.0220000000000002
}