{
    "random": 20.419,
    "inside": 2.9170000000000003,
    "outside": 20.807000000000002
}