{
    "random": 31.491999999999997,
    "inside": 26.937,
    "outside": 30.986000000000004
}