{
    "random": 0.044000000000000004,
    "inside": 3.2809999999999997,
    "outside": 0.047
}