{
    "random": 18.401999999999997,
    "inside": 66.85799999999999,
    "outside": 18.401999999999997
}