{
    "random": 28.805999999999997,
    "inside": 16.317999999999998,
    "outside": 28.813
}