{
    "random": 0.396,
    "inside": 9.934999999999999,
    "outside": 0.38899999999999996
}