{
    "random": 1.7149999999999999,
    "inside": 3.2870000000000004,
    "outside": 1.6230000000000002
}