{
    "random": 0.22499999999999998,
    "inside": 20.785,
    "outside": 0.22899999999999998
}