{
    "random": 12.493,
    "inside": 87.47399999999999,
    "outside": 12.418999999999999
}