{
    "random": 3.5749999999999997,
    "inside": 40.637,
    "outside": 3.4779999999999998
}