{
    "random": 4.313000000000001,
    "inside": 88.70599999999999,
    "outside": 4.306
}