{
    "random": 8.164,
    "inside": 4.186999999999999,
    "outside": 8.062999999999999
}