{
    "random": 8.190999999999999,
    "inside": 1.9789999999999999,
    "outside": 8.107000000000001
}